"Data Source","World Development Indicators",

"Last Updated Date","2019-10-28",

"Country Name","Country Code","Indicator Name","Indicator Code","1960","1961","1962","1963","1964","1965","1966","1967","1968","1969","1970","1971","1972","1973","1974","1975","1976","1977","1978","1979","1980","1981","1982","1983","1984","1985","1986","1987","1988","1989","1990","1991","1992","1993","1994","1995","1996","1997","1998","1999","2000","2001","2002","2003","2004","2005","2006","2007","2008","2009","2010","2011","2012","2013","2014","2015","2016","2017","2018","2019",
"Aruba","ABW","Prevalence of undernourishment (% of population)","SN.ITK.DEFC.ZS","","","","","","","","","","","","","","","","","","","","","","","","","","","","","","","","","","","","","","","","","","","","","","","","","","","","","","","","","","","","",
"Afghanistan","AFG","Prevalence of undernourishment (% of population)","SN.ITK.DEFC.ZS","","","","","","","","","","","","","","","","","","","","","","","","","","","","","","","","","","","","","","","","","46.1","46.4","43.7","39.8","36.1","33.2","30.1","27","24.5","22.9","22.1","22.2","23.2","25","26.9","28.6","29.5","29.8","","",
"Angola","AGO","Prevalence of undernourishment (% of population)","SN.ITK.DEFC.ZS","","","","","","","","","","","","","","","","","","","","","","","","","","","","","","","","","","","","","","","","","71.5","68.9","65.3","61.3","57.8","54.8","51.8","48.6","45.4","42.5","40.4","38.2","35.1","31.2","28.1","26.4","25.6","25","","",
"Albania","ALB","Prevalence of undernourishment (% of population)","SN.ITK.DEFC.ZS","","","","","","","","","","","","","","","","","","","","","","","","","","","","","","","","","","","","","","","","","7.2","7.8","8.7","9.7","10.6","10.9","10.8","10.3","9.5","8.4","7.4","6.6","6","5.8","5.9","6","6.1","6.2","","",
"Andorra","AND","Prevalence of undernourishment (% of population)","SN.ITK.DEFC.ZS","","","","","","","","","","","","","","","","","","","","","","","","","","","","","","","","","","","","","","","","","","","","","","","","","","","","","","","","","","","","",
"Arab World","ARB","Prevalence of undernourishment (% of population)","SN.ITK.DEFC.ZS","","","","","","","","","","","","","","","","","","","","","","","","","","","","","","","","","","","","","","","","","11.0334433182165","10.8017691283482","10.7854114524535","10.8503791705056","10.8992841328432","10.8690044052096","10.7033536778183","10.4919511466135","10.2788117383017","9.93630016217011","9.59659977342727","9.33041318444482","10.8094415522601","10.8322692109062","10.9420988278558","11.193917185692","11.5473832168253","11.854452689428","","",
"United Arab Emirates","ARE","Prevalence of undernourishment (% of population)","SN.ITK.DEFC.ZS","","","","","","","","","","","","","","","","","","","","","","","","","","","","","","","","","","","","","","","","","2.5","2.5","2.5","2.6","3.2","4.1","4.9","5.6","6","6","5.9","5.6","5","4.4","3.7","3.1","2.8","2.6","","",
"Argentina","ARG","Prevalence of undernourishment (% of population)","SN.ITK.DEFC.ZS","","","","","","","","","","","","","","","","","","","","","","","","","","","","","","","","","","","","","","","","","3.5","4.1","4.9","5.3","5.2","4.7","4.4","4.2","4.1","4.1","4","3.9","3.7","3.5","3.4","3.6","4.1","4.6","","",
"Armenia","ARM","Prevalence of undernourishment (% of population)","SN.ITK.DEFC.ZS","","","","","","","","","","","","","","","","","","","","","","","","","","","","","","","","","","","","","","","","","23.8","23.5","20.7","15.6","10.9","7.8","6.1","5.4","5","5.3","5.5","5.6","5","4.4","3.9","3.8","4","4.3","","",
"American Samoa","ASM","Prevalence of undernourishment (% of population)","SN.ITK.DEFC.ZS","","","","","","","","","","","","","","","","","","","","","","","","","","","","","","","","","","","","","","","","","","","","","","","","","","","","","","","","","","","","",
"Antigua and Barbuda","ATG","Prevalence of undernourishment (% of population)","SN.ITK.DEFC.ZS","","","","","","","","","","","","","","","","","","","","","","","","","","","","","","","","","","","","","","","","","","","","","","","","","","","","","","","","","","","","",
"Australia","AUS","Prevalence of undernourishment (% of population)","SN.ITK.DEFC.ZS","","","","","","","","","","","","","","","","","","","","","","","","","","","","","","","","","","","","","","","","","2.5","2.5","2.5","2.5","2.5","2.5","2.5","2.5","2.5","2.5","2.5","2.5","2.5","2.5","2.5","2.5","2.5","2.5","","",
"Austria","AUT","Prevalence of undernourishment (% of population)","SN.ITK.DEFC.ZS","","","","","","","","","","","","","","","","","","","","","","","","","","","","","","","","","","","","","","","","","2.5","2.5","2.5","2.5","2.5","2.5","2.5","2.5","2.5","2.5","2.5","2.5","2.5","2.5","2.5","2.5","2.5","2.5","","",
"Azerbaijan","AZE","Prevalence of undernourishment (% of population)","SN.ITK.DEFC.ZS","","","","","","","","","","","","","","","","","","","","","","","","","","","","","","","","","","","","","","","","","23","18.6","14.8","11.4","8.2","5.5","3.7","2.8","2.5","2.5","2.5","2.5","2.5","2.5","2.5","2.5","2.5","2.5","","",
"Burundi","BDI","Prevalence of undernourishment (% of population)","SN.ITK.DEFC.ZS","","","","","","","","","","","","","","","","","","","","","","","","","","","","","","","","","","","","","","","","","","","","","","","","","","","","","","","","","","","","",
"Belgium","BEL","Prevalence of undernourishment (% of population)","SN.ITK.DEFC.ZS","","","","","","","","","","","","","","","","","","","","","","","","","","","","","","","","","","","","","","","","","2.5","2.5","2.5","2.5","2.5","2.5","2.5","2.5","2.5","2.5","2.5","2.5","2.5","2.5","2.5","2.5","2.5","2.5","","",
"Benin","BEN","Prevalence of undernourishment (% of population)","SN.ITK.DEFC.ZS","","","","","","","","","","","","","","","","","","","","","","","","","","","","","","","","","","","","","","","","","22.7","20.6","18.6","17.4","16.3","15.4","14.3","13.3","12.7","12.1","11.8","11.3","10.8","10.2","9.5","9.9","10.1","10.1","","",
"Burkina Faso","BFA","Prevalence of undernourishment (% of population)","SN.ITK.DEFC.ZS","","","","","","","","","","","","","","","","","","","","","","","","","","","","","","","","","","","","","","","","","25.4","25.6","25.8","25.6","25.3","24.9","24.2","23.6","22.7","21.9","21.2","20.7","20.3","20.1","20","20","20","20","","",
"Bangladesh","BGD","Prevalence of undernourishment (% of population)","SN.ITK.DEFC.ZS","","","","","","","","","","","","","","","","","","","","","","","","","","","","","","","","","","","","","","","","","20.8","18.7","18.2","17.5","17.1","16.6","16.3","16.3","16.4","16.6","16.9","16.9","16.9","16.6","16.2","15.7","15.2","14.7","","",
"Bulgaria","BGR","Prevalence of undernourishment (% of population)","SN.ITK.DEFC.ZS","","","","","","","","","","","","","","","","","","","","","","","","","","","","","","","","","","","","","","","","","4.8","5.2","5.6","6","6.3","6.5","6.3","6.1","5.8","5.7","5.6","5.5","5.4","5","4.6","4.1","3.8","3.6","","",
"Bahrain","BHR","Prevalence of undernourishment (% of population)","SN.ITK.DEFC.ZS","","","","","","","","","","","","","","","","","","","","","","","","","","","","","","","","","","","","","","","","","","","","","","","","","","","","","","","","","","","","",
"Bahamas, The","BHS","Prevalence of undernourishment (% of population)","SN.ITK.DEFC.ZS","","","","","","","","","","","","","","","","","","","","","","","","","","","","","","","","","","","","","","","","","","","","","","","","","","","","","","","","","","","","",
"Bosnia and Herzegovina","BIH","Prevalence of undernourishment (% of population)","SN.ITK.DEFC.ZS","","","","","","","","","","","","","","","","","","","","","","","","","","","","","","","","","","","","","","","","","4.4","4.7","4.5","4.1","3.5","3.2","2.9","2.8","2.6","2.5","2.5","2.5","2.5","2.5","2.5","2.5","2.5","2.5","","",
"Belarus","BLR","Prevalence of undernourishment (% of population)","SN.ITK.DEFC.ZS","","","","","","","","","","","","","","","","","","","","","","","","","","","","","","","","","","","","","","","","","2.5","2.6","3.2","3.7","3.6","3","2.5","2.5","2.5","2.5","2.5","2.5","2.5","2.5","2.5","2.5","2.5","2.5","","",
"Belize","BLZ","Prevalence of undernourishment (% of population)","SN.ITK.DEFC.ZS","","","","","","","","","","","","","","","","","","","","","","","","","","","","","","","","","","","","","","","","","5.8","5","4.7","4.5","4.6","4.6","4.9","5.3","5.5","5.6","5.6","5.8","6.4","7.1","7.7","8.1","8","7.5","","",
"Bermuda","BMU","Prevalence of undernourishment (% of population)","SN.ITK.DEFC.ZS","","","","","","","","","","","","","","","","","","","","","","","","","","","","","","","","","","","","","","","","","","","","","","","","","","","","","","","","","","","","",
"Bolivia","BOL","Prevalence of undernourishment (% of population)","SN.ITK.DEFC.ZS","","","","","","","","","","","","","","","","","","","","","","","","","","","","","","","","","","","","","","","","","33.4","31.6","31.2","31.4","31.4","30.3","28.7","28","28.1","28","26.5","24.5","22.7","21.1","19.4","18","17.3","17.1","","",
"Brazil","BRA","Prevalence of undernourishment (% of population)","SN.ITK.DEFC.ZS","","","","","","","","","","","","","","","","","","","","","","","","","","","","","","","","","","","","","","","","","11.9","10.6","8.7","6.9","5.6","4.6","3.9","3.2","2.7","2.5","2.5","2.5","2.5","2.5","2.5","2.5","2.5","2.5","","",
"Barbados","BRB","Prevalence of undernourishment (% of population)","SN.ITK.DEFC.ZS","","","","","","","","","","","","","","","","","","","","","","","","","","","","","","","","","","","","","","","","","5.4","5.8","6.3","6.3","6.3","5.9","5.6","5.3","5.1","5","5","4.9","4.7","4.3","3.9","3.7","3.8","3.9","","",
"Brunei Darussalam","BRN","Prevalence of undernourishment (% of population)","SN.ITK.DEFC.ZS","","","","","","","","","","","","","","","","","","","","","","","","","","","","","","","","","","","","","","","","","3.1","2.8","2.5","2.5","2.5","2.5","2.5","2.7","3","3.1","3.1","2.9","2.8","2.7","2.8","3","3.1","3.2","","",
"Bhutan","BTN","Prevalence of undernourishment (% of population)","SN.ITK.DEFC.ZS","","","","","","","","","","","","","","","","","","","","","","","","","","","","","","","","","","","","","","","","","","","","","","","","","","","","","","","","","","","","",
"Botswana","BWA","Prevalence of undernourishment (% of population)","SN.ITK.DEFC.ZS","","","","","","","","","","","","","","","","","","","","","","","","","","","","","","","","","","","","","","","","","35.7","35","34.7","33.5","32.4","31.9","32.2","32.4","31.8","30.5","28.5","26.5","25.1","24.9","25.3","26.1","26.4","26.4","","",
"Central African Republic","CAF","Prevalence of undernourishment (% of population)","SN.ITK.DEFC.ZS","","","","","","","","","","","","","","","","","","","","","","","","","","","","","","","","","","","","","","","","","42.5","42","41.5","41.4","40.8","39.5","37.6","35.6","33.7","32.4","32","33.4","37.5","44.6","52.2","57.8","59.8","59.6","","",
"Canada","CAN","Prevalence of undernourishment (% of population)","SN.ITK.DEFC.ZS","","","","","","","","","","","","","","","","","","","","","","","","","","","","","","","","","","","","","","","","","2.5","2.5","2.5","2.5","2.5","2.5","2.5","2.5","2.5","2.5","2.5","2.5","2.5","2.5","2.5","2.5","2.5","2.5","","",
"Central Europe and the Baltics","CEB","Prevalence of undernourishment (% of population)","SN.ITK.DEFC.ZS","","","","","","","","","","","","","","","","","","","","","","","","","","","","","","","","","","","","","","","","","3.26877912183835","3.1944725109291","3.13345925328491","3.07678973098097","3.03772476501743","3.01434804301103","2.97122890121108","2.9400831142917","2.88786308241729","2.84679616576165","2.81376767648125","2.8011877911462","2.78305136662015","2.75060324802139","2.71702613388268","2.68062615270402","2.65307988711574","2.62853758423274","","",
"Switzerland","CHE","Prevalence of undernourishment (% of population)","SN.ITK.DEFC.ZS","","","","","","","","","","","","","","","","","","","","","","","","","","","","","","","","","","","","","","","","","2.5","2.5","2.5","2.5","2.5","2.5","2.5","2.5","2.5","2.5","2.5","2.5","2.5","2.5","2.5","2.5","2.5","2.5","","",
"Channel Islands","CHI","Prevalence of undernourishment (% of population)","SN.ITK.DEFC.ZS","","","","","","","","","","","","","","","","","","","","","","","","","","","","","","","","","","","","","","","","","","","","","","","","","","","","","","","","","","","","",
"Chile","CHL","Prevalence of undernourishment (% of population)","SN.ITK.DEFC.ZS","","","","","","","","","","","","","","","","","","","","","","","","","","","","","","","","","","","","","","","","","4.7","4.4","4.1","4.1","4","3.9","3.8","3.9","4.1","4.2","4.2","4","3.8","3.7","3.5","3.2","2.9","2.7","","",
"China","CHN","Prevalence of undernourishment (% of population)","SN.ITK.DEFC.ZS","","","","","","","","","","","","","","","","","","","","","","","","","","","","","","","","","","","","","","","","","16.2","16.1","16","15.9","15.8","15.5","15","14.4","13.6","12.7","12","11.2","10.6","9.9","9.3","8.9","8.7","8.6","","",
"Cote d'Ivoire","CIV","Prevalence of undernourishment (% of population)","SN.ITK.DEFC.ZS","","","","","","","","","","","","","","","","","","","","","","","","","","","","","","","","","","","","","","","","","20.4","21.5","21.7","21.3","20.5","20","20","20.5","21.3","21.8","21.9","21.6","21.5","21.4","21","20.4","19.6","19","","",
"Cameroon","CMR","Prevalence of undernourishment (% of population)","SN.ITK.DEFC.ZS","","","","","","","","","","","","","","","","","","","","","","","","","","","","","","","","","","","","","","","","","30.8","28.5","26.5","24.4","22.4","20.3","18.2","16.2","14.4","12.9","11.5","10.1","8.9","8","7.3","7.7","8.7","9.9","","",
"Congo, Dem. Rep.","COD","Prevalence of undernourishment (% of population)","SN.ITK.DEFC.ZS","","","","","","","","","","","","","","","","","","","","","","","","","","","","","","","","","","","","","","","","","","","","","","","","","","","","","","","","","","","","",
"Congo, Rep.","COG","Prevalence of undernourishment (% of population)","SN.ITK.DEFC.ZS","","","","","","","","","","","","","","","","","","","","","","","","","","","","","","","","","","","","","","","","","36.8","34","32.8","34.2","36.7","40.2","41.6","42.2","41.8","41.3","40.5","39.5","39.2","38.7","38.2","37.7","38.5","40.3","","",
"Colombia","COL","Prevalence of undernourishment (% of population)","SN.ITK.DEFC.ZS","","","","","","","","","","","","","","","","","","","","","","","","","","","","","","","","","","","","","","","","","9.7","9.4","9.2","9.2","9.3","9.7","9.6","9.3","9.5","10.4","11.1","10.8","9.9","8.6","7.5","6.5","5.6","4.8","","",
"Comoros","COM","Prevalence of undernourishment (% of population)","SN.ITK.DEFC.ZS","","","","","","","","","","","","","","","","","","","","","","","","","","","","","","","","","","","","","","","","","","","","","","","","","","","","","","","","","","","","",
"Cabo Verde","CPV","Prevalence of undernourishment (% of population)","SN.ITK.DEFC.ZS","","","","","","","","","","","","","","","","","","","","","","","","","","","","","","","","","","","","","","","","","17.9","17.9","17.5","16.3","14.9","14","13.9","14","14.5","14.9","15.3","15.1","14.7","14.2","13.6","13","12.7","12.6","","",
"Costa Rica","CRI","Prevalence of undernourishment (% of population)","SN.ITK.DEFC.ZS","","","","","","","","","","","","","","","","","","","","","","","","","","","","","","","","","","","","","","","","","5.1","5.3","5.7","5.9","5.8","5.4","5.1","5","5.1","5.2","5.2","5.2","5.4","5.5","5.4","5.1","4.7","4.8","","",
"Caribbean small states","CSS","Prevalence of undernourishment (% of population)","SN.ITK.DEFC.ZS","","","","","","","","","","","","","","","","","","","","","","","","","","","","","","","","","","","","","","","","","8.85773140600523","8.38113904440123","8.26748797417075","8.36541938896091","8.50536446683138","8.51344720830071","8.5497822340856","8.61157383124423","8.78452385538424","8.85623329714127","8.77603256752002","8.57899259344705","8.36059920508448","8.16876782572669","7.99439854067657","7.78861137059218","7.50785779373505","7.25467676040191","","",
"Cuba","CUB","Prevalence of undernourishment (% of population)","SN.ITK.DEFC.ZS","","","","","","","","","","","","","","","","","","","","","","","","","","","","","","","","","","","","","","","","","3.7","2.8","2.5","2.5","2.5","2.5","2.5","2.5","2.5","2.5","2.5","2.5","2.5","2.5","2.5","2.5","2.5","2.5","","",
"Curacao","CUW","Prevalence of undernourishment (% of population)","SN.ITK.DEFC.ZS","","","","","","","","","","","","","","","","","","","","","","","","","","","","","","","","","","","","","","","","","","","","","","","","","","","","","","","","","","","","",
"Cayman Islands","CYM","Prevalence of undernourishment (% of population)","SN.ITK.DEFC.ZS","","","","","","","","","","","","","","","","","","","","","","","","","","","","","","","","","","","","","","","","","","","","","","","","","","","","","","","","","","","","",
"Cyprus","CYP","Prevalence of undernourishment (% of population)","SN.ITK.DEFC.ZS","","","","","","","","","","","","","","","","","","","","","","","","","","","","","","","","","","","","","","","","","3.5","3.9","4.4","4.9","5.4","5.7","5.6","5.1","4.7","4.4","4.3","4.3","4.8","5.4","5.9","6","5.8","5.6","","",
"Czech Republic","CZE","Prevalence of undernourishment (% of population)","SN.ITK.DEFC.ZS","","","","","","","","","","","","","","","","","","","","","","","","","","","","","","","","","","","","","","","","","2.5","2.5","2.5","2.5","2.5","2.5","2.5","2.5","2.5","2.5","2.5","2.5","2.5","2.5","2.5","2.5","2.5","2.5","","",
"Germany","DEU","Prevalence of undernourishment (% of population)","SN.ITK.DEFC.ZS","","","","","","","","","","","","","","","","","","","","","","","","","","","","","","","","","","","","","","","","","2.5","2.5","2.5","2.5","2.5","2.5","2.5","2.5","2.5","2.5","2.5","2.5","2.5","2.5","2.5","2.5","2.5","2.5","","",
"Djibouti","DJI","Prevalence of undernourishment (% of population)","SN.ITK.DEFC.ZS","","","","","","","","","","","","","","","","","","","","","","","","","","","","","","","","","","","","","","","","","48.1","45.4","42.7","39.8","36.2","32.2","28.6","25.6","23.9","22.9","22.3","21.3","20.2","19.3","19","19","19","18.9","","",
"Dominica","DMA","Prevalence of undernourishment (% of population)","SN.ITK.DEFC.ZS","","","","","","","","","","","","","","","","","","","","","","","","","","","","","","","","","","","","","","","","","4.7","4.4","4.6","5","5.5","5.7","5.6","5.1","4.9","4.9","5.2","5.6","5.9","6.2","6.3","6.5","6.4","6.2","","",
"Denmark","DNK","Prevalence of undernourishment (% of population)","SN.ITK.DEFC.ZS","","","","","","","","","","","","","","","","","","","","","","","","","","","","","","","","","","","","","","","","","2.5","2.5","2.5","2.5","2.5","2.5","2.5","2.5","2.5","2.5","2.5","2.5","2.5","2.5","2.5","2.5","2.5","2.5","","",
"Dominican Republic","DOM","Prevalence of undernourishment (% of population)","SN.ITK.DEFC.ZS","","","","","","","","","","","","","","","","","","","","","","","","","","","","","","","","","","","","","","","","","28.1","27.1","27.5","28.3","27","24.4","21.9","20.9","20.2","18.6","16.5","14.6","13.6","13","12.1","11","9.9","9.5","","",
"Algeria","DZA","Prevalence of undernourishment (% of population)","SN.ITK.DEFC.ZS","","","","","","","","","","","","","","","","","","","","","","","","","","","","","","","","","","","","","","","","","10.7","10.2","9.7","9.3","9","8.8","8.4","8","7.6","7","6.3","5.6","4.9","4.5","4.2","4","3.9","3.9","","",
"East Asia & Pacific (excluding high income)","EAP","Prevalence of undernourishment (% of population)","SN.ITK.DEFC.ZS","","","","","","","","","","","","","","","","","","","","","","","","","","","","","","","","","","","","","","","","","18.2044222070825","17.9619608361138","17.6349728445319","17.3259881876614","17.0376461905996","16.6289512667767","16.0691152373935","15.4055665551598","14.5614527693528","13.5672760457473","12.6742372664791","11.7504974093143","11.1214742067813","10.5017832673575","9.98726527972828","9.62945177301755","9.45653889222369","9.35184750633842","","",
"Early-demographic dividend","EAR","Prevalence of undernourishment (% of population)","SN.ITK.DEFC.ZS","","","","","","","","","","","","","","","","","","","","","","","","","","","","","","","","","","","","","","","","","18.4896951434241","18.8156588281101","19.4089575333603","19.7089035758439","19.6746903981575","19.0195482275546","18.0099618029658","17.0069962735611","16.1949961578438","15.6325587189413","15.169251252333","14.8344483539329","14.5323453167627","14.2169277662292","13.8751680596502","13.4690130001246","13.1875119870274","12.9676773632768","","",
"East Asia & Pacific","EAS","Prevalence of undernourishment (% of population)","SN.ITK.DEFC.ZS","","","","","","","","","","","","","","","","","","","","","","","","","","","","","","","","","","","","","","","","","16.4733404392532","16.2670934081398","15.9854268480079","15.7183941643262","15.4696024579181","15.1140180078208","14.622508297738","14.0373650281903","13.2890265565898","12.405004045598","11.6105599214571","10.7876908561062","10.226180338948","9.67276281248408","9.21374315918809","8.89338405341683","8.74049513795006","8.64964523371828","","",
"Europe & Central Asia (excluding high income)","ECA","Prevalence of undernourishment (% of population)","SN.ITK.DEFC.ZS","","","","","","","","","","","","","","","","","","","","","","","","","","","","","","","","","","","","","","","","","5.9520597079758","5.6484111720346","5.22713774718421","4.752679229914","4.28560575264924","3.95966519327822","3.75611047686068","3.59517191359949","3.49416879319575","3.4229601864685","3.36286552533324","3.28058342057355","3.20548054328078","3.14269401661808","3.10308868310083","3.13878472236031","3.16696116608531","3.1996826226048","","",
"Europe & Central Asia","ECS","Prevalence of undernourishment (% of population)","SN.ITK.DEFC.ZS","","","","","","","","","","","","","","","","","","","","","","","","","","","","","","","","","","","","","","","","","4.10590136202237","3.95539471523473","3.75486651050788","3.53316606382108","3.31912627673946","3.17053369816247","3.08319831943178","3.00843802134936","2.95899981285211","2.92329125626424","2.89401156068585","2.85816107195015","2.82474933827613","2.7975946258333","2.78035611630212","2.79654539238001","2.80840089133798","2.82197755743993","","",
"Ecuador","ECU","Prevalence of undernourishment (% of population)","SN.ITK.DEFC.ZS","","","","","","","","","","","","","","","","","","","","","","","","","","","","","","","","","","","","","","","","","18.5","18.8","18.9","18.6","17.7","17","16.2","15.6","14.4","12.8","10.7","9.1","8.3","8.1","8.1","8","7.9","7.9","","",
"Egypt, Arab Rep.","EGY","Prevalence of undernourishment (% of population)","SN.ITK.DEFC.ZS","","","","","","","","","","","","","","","","","","","","","","","","","","","","","","","","","","","","","","","","","5.2","5.1","5.2","5.3","5.5","5.4","5.1","4.8","4.6","4.5","4.5","4.5","4.4","4.4","4.4","4.4","4.4","4.5","","",
"Euro area","EMU","Prevalence of undernourishment (% of population)","SN.ITK.DEFC.ZS","","","","","","","","","","","","","","","","","","","","","","","","","","","","","","","","","","","","","","","","","2.5940669667705","2.59827545600254","2.59600762064463","2.5874360247071","2.58080599908744","2.5773301036898","2.57312956044257","2.56606993551221","2.55498573456309","2.54356066385678","2.53522346394317","2.53257889580426","2.53225425510748","2.53304284221902","2.53311666860261","2.53307394722442","2.53042071655841","2.52661259912019","","",
"Eritrea","ERI","Prevalence of undernourishment (% of population)","SN.ITK.DEFC.ZS","","","","","","","","","","","","","","","","","","","","","","","","","","","","","","","","","","","","","","","","","","","","","","","","","","","","","","","","","","","","",
"Spain","ESP","Prevalence of undernourishment (% of population)","SN.ITK.DEFC.ZS","","","","","","","","","","","","","","","","","","","","","","","","","","","","","","","","","","","","","","","","","2.5","2.5","2.5","2.5","2.5","2.5","2.5","2.5","2.5","2.5","2.5","2.5","2.5","2.5","2.5","2.5","2.5","2.5","","",
"Estonia","EST","Prevalence of undernourishment (% of population)","SN.ITK.DEFC.ZS","","","","","","","","","","","","","","","","","","","","","","","","","","","","","","","","","","","","","","","","","5.6","5.5","5.5","5.2","4.8","4.2","3.7","3.2","2.8","2.6","2.6","2.7","3","3.1","3.1","3","2.9","2.9","","",
"Ethiopia","ETH","Prevalence of undernourishment (% of population)","SN.ITK.DEFC.ZS","","","","","","","","","","","","","","","","","","","","","","","","","","","","","","","","","","","","","","","","","52","49","46.7","44.2","42","39.7","38.5","37.2","35.6","33.7","32.1","30.7","28.9","26.7","24.5","22.7","21.4","20.6","","",
"European Union","EUU","Prevalence of undernourishment (% of population)","SN.ITK.DEFC.ZS","","","","","","","","","","","","","","","","","","","","","","","","","","","","","","","","","","","","","","","","","2.67269984098886","2.65564201210956","2.64198986549425","2.62982932837475","2.62166792781952","2.61659865303288","2.60662783731532","2.59832324885859","2.58592225592259","2.57637363572269","2.56894083028879","2.56627035159236","2.56341294504054","2.55785302257306","2.55190764171694","2.54456290843365","2.5383944993903","2.53292289179926","","",
"Fragile and conflict affected situations","FCS","Prevalence of undernourishment (% of population)","SN.ITK.DEFC.ZS","","","","","","","","","","","","","","","","","","","","","","","","","","","","","","","","","","","","","","","","","","","","","","","","","","","","","23.9830812854334","24.2232559619632","24.5744971068127","25.031381172295","25.4490748975107","25.7178892483","","",
"Finland","FIN","Prevalence of undernourishment (% of population)","SN.ITK.DEFC.ZS","","","","","","","","","","","","","","","","","","","","","","","","","","","","","","","","","","","","","","","","","2.5","2.5","2.5","2.5","2.5","2.5","2.5","2.5","2.5","2.5","2.5","2.5","2.5","2.5","2.5","2.5","2.5","2.5","","",
"Fiji","FJI","Prevalence of undernourishment (% of population)","SN.ITK.DEFC.ZS","","","","","","","","","","","","","","","","","","","","","","","","","","","","","","","","","","","","","","","","","4.8","4.7","4.6","4.5","4.4","4.3","4.2","4.3","4.3","4.5","4.5","4.5","4.4","4.2","4","3.8","3.7","3.7","","",
"France","FRA","Prevalence of undernourishment (% of population)","SN.ITK.DEFC.ZS","","","","","","","","","","","","","","","","","","","","","","","","","","","","","","","","","","","","","","","","","2.5","2.5","2.5","2.5","2.5","2.5","2.5","2.5","2.5","2.5","2.5","2.5","2.5","2.5","2.5","2.5","2.5","2.5","","",
"Faroe Islands","FRO","Prevalence of undernourishment (% of population)","SN.ITK.DEFC.ZS","","","","","","","","","","","","","","","","","","","","","","","","","","","","","","","","","","","","","","","","","","","","","","","","","","","","","","","","","","","","",
"Micronesia, Fed. Sts.","FSM","Prevalence of undernourishment (% of population)","SN.ITK.DEFC.ZS","","","","","","","","","","","","","","","","","","","","","","","","","","","","","","","","","","","","","","","","","","","","","","","","","","","","","","","","","","","","",
"Gabon","GAB","Prevalence of undernourishment (% of population)","SN.ITK.DEFC.ZS","","","","","","","","","","","","","","","","","","","","","","","","","","","","","","","","","","","","","","","","","10.5","10.8","11.3","11.4","11.2","10.9","11","11.2","11.5","11.3","10.8","10","9.4","8.7","8.5","8.9","9.8","10.5","","",
"United Kingdom","GBR","Prevalence of undernourishment (% of population)","SN.ITK.DEFC.ZS","","","","","","","","","","","","","","","","","","","","","","","","","","","","","","","","","","","","","","","","","2.5","2.5","2.5","2.5","2.5","2.5","2.5","2.5","2.5","2.5","2.5","2.5","2.5","2.5","2.5","2.5","2.5","2.5","","",
"Georgia","GEO","Prevalence of undernourishment (% of population)","SN.ITK.DEFC.ZS","","","","","","","","","","","","","","","","","","","","","","","","","","","","","","","","","","","","","","","","","13.5","13.6","11.4","9.2","7.9","7.2","7","6.8","6.7","7","7.7","8.1","8.1","7.7","7.5","7.6","7.8","7.9","","",
"Ghana","GHA","Prevalence of undernourishment (% of population)","SN.ITK.DEFC.ZS","","","","","","","","","","","","","","","","","","","","","","","","","","","","","","","","","","","","","","","","","15.6","13.6","12","11","10.1","9.3","8.3","7.3","6.3","5.6","5.3","5.5","5.9","6.2","6.3","6.2","5.9","5.5","","",
"Gibraltar","GIB","Prevalence of undernourishment (% of population)","SN.ITK.DEFC.ZS","","","","","","","","","","","","","","","","","","","","","","","","","","","","","","","","","","","","","","","","","","","","","","","","","","","","","","","","","","","","",
"Guinea","GIN","Prevalence of undernourishment (% of population)","SN.ITK.DEFC.ZS","","","","","","","","","","","","","","","","","","","","","","","","","","","","","","","","","","","","","","","","","26.3","25.5","24.7","23.8","22.5","21.3","20.2","19.3","18.5","18","17.6","17.2","16.5","15.7","14.9","14.8","15.5","16.5","","",
"Gambia, The","GMB","Prevalence of undernourishment (% of population)","SN.ITK.DEFC.ZS","","","","","","","","","","","","","","","","","","","","","","","","","","","","","","","","","","","","","","","","","13.1","12.9","13.8","14.6","15.1","15.1","14.5","12.9","11.3","10","9.3","9.1","9.4","9.8","10.1","10.2","10.2","10.2","","",
"Guinea-Bissau","GNB","Prevalence of undernourishment (% of population)","SN.ITK.DEFC.ZS","","","","","","","","","","","","","","","","","","","","","","","","","","","","","","","","","","","","","","","","","25.7","24.4","24.2","24.5","24.6","24.4","24.1","23.7","23.3","22.8","22.2","22.2","22.6","23.9","25.3","26.6","27.4","28","","",
"Equatorial Guinea","GNQ","Prevalence of undernourishment (% of population)","SN.ITK.DEFC.ZS","","","","","","","","","","","","","","","","","","","","","","","","","","","","","","","","","","","","","","","","","","","","","","","","","","","","","","","","","","","","",
"Greece","GRC","Prevalence of undernourishment (% of population)","SN.ITK.DEFC.ZS","","","","","","","","","","","","","","","","","","","","","","","","","","","","","","","","","","","","","","","","","2.5","2.5","2.5","2.5","2.5","2.5","2.5","2.5","2.5","2.5","2.5","2.5","2.5","2.5","2.5","2.5","2.5","2.5","","",
"Grenada","GRD","Prevalence of undernourishment (% of population)","SN.ITK.DEFC.ZS","","","","","","","","","","","","","","","","","","","","","","","","","","","","","","","","","","","","","","","","","","","","","","","","","","","","","","","","","","","","",
"Greenland","GRL","Prevalence of undernourishment (% of population)","SN.ITK.DEFC.ZS","","","","","","","","","","","","","","","","","","","","","","","","","","","","","","","","","","","","","","","","","","","","","","","","","","","","","","","","","","","","",
"Guatemala","GTM","Prevalence of undernourishment (% of population)","SN.ITK.DEFC.ZS","","","","","","","","","","","","","","","","","","","","","","","","","","","","","","","","","","","","","","","","","20.5","18.1","16.4","15.8","15.8","15.8","15.8","15.7","15.9","15.7","15.8","15.8","16.3","16.3","16","15.3","15","15.2","","",
"Guam","GUM","Prevalence of undernourishment (% of population)","SN.ITK.DEFC.ZS","","","","","","","","","","","","","","","","","","","","","","","","","","","","","","","","","","","","","","","","","","","","","","","","","","","","","","","","","","","","",
"Guyana","GUY","Prevalence of undernourishment (% of population)","SN.ITK.DEFC.ZS","","","","","","","","","","","","","","","","","","","","","","","","","","","","","","","","","","","","","","","","","8.3","7.9","8.1","8.5","9","9.4","10","10.6","11.2","11.4","11.2","10.5","9.6","8.8","8.4","8.2","8.1","8.1","","",
"High income","HIC","Prevalence of undernourishment (% of population)","SN.ITK.DEFC.ZS","","","","","","","","","","","","","","","","","","","","","","","","","","","","","","","","","","","","","","","","","2.80583292865552","2.79935714707793","2.8017079572041","2.81071700143965","2.81815166754033","2.81760502035466","2.81127626621241","2.80798203803181","2.80675285333847","2.7973756651401","2.77571383390658","2.74919512773299","2.71449825115805","2.6941359519014","2.68041479605196","2.67706098692315","2.68829267976669","2.71328603193005","","",
"Hong Kong SAR, China","HKG","Prevalence of undernourishment (% of population)","SN.ITK.DEFC.ZS","","","","","","","","","","","","","","","","","","","","","","","","","","","","","","","","","","","","","","","","","2.5","2.5","2.5","2.5","2.5","2.5","2.5","2.5","2.5","2.5","2.5","2.5","2.5","2.5","2.5","2.5","2.5","2.5","","",
"Honduras","HND","Prevalence of undernourishment (% of population)","SN.ITK.DEFC.ZS","","","","","","","","","","","","","","","","","","","","","","","","","","","","","","","","","","","","","","","","","19.6","18.5","17.8","17.5","17.3","17","16.3","15.7","15.3","15.2","15.2","15.2","15.1","14.8","14.5","13.9","13.3","12.9","","",
"Heavily indebted poor countries (HIPC)","HPC","Prevalence of undernourishment (% of population)","SN.ITK.DEFC.ZS","","","","","","","","","","","","","","","","","","","","","","","","","","","","","","","","","","","","","","","","","35.414603693948","34.4427246733978","33.4760223370478","32.3797244596916","31.2116855532786","30.0470590805464","29.0677416956364","28.2007632930623","27.3726194828604","26.536182157688","25.7825072183813","25.1596143129929","24.6091382764959","24.2424574939694","23.9432997306841","23.9711841182679","24.1137389594826","24.3262345599654","","",
"Croatia","HRV","Prevalence of undernourishment (% of population)","SN.ITK.DEFC.ZS","","","","","","","","","","","","","","","","","","","","","","","","","","","","","","","","","","","","","","","","","10.4","7.8","5.8","4.4","3.5","2.9","2.5","2.5","2.5","2.5","2.5","2.6","2.5","2.5","2.5","2.5","2.5","2.5","","",
"Haiti","HTI","Prevalence of undernourishment (% of population)","SN.ITK.DEFC.ZS","","","","","","","","","","","","","","","","","","","","","","","","","","","","","","","","","","","","","","","","","54.9","56","56.9","57.6","57.6","57.1","55.9","54.5","52.5","50.8","49.5","49.5","49.6","49.6","49.3","48.9","49","49.3","","",
"Hungary","HUN","Prevalence of undernourishment (% of population)","SN.ITK.DEFC.ZS","","","","","","","","","","","","","","","","","","","","","","","","","","","","","","","","","","","","","","","","","2.5","2.5","2.5","2.5","2.5","2.5","2.5","2.5","2.5","2.5","2.5","2.5","2.5","2.5","2.5","2.5","2.5","2.5","","",
"IBRD only","IBD","Prevalence of undernourishment (% of population)","SN.ITK.DEFC.ZS","","","","","","","","","","","","","","","","","","","","","","","","","","","","","","","","","","","","","","","","","14.9979867943893","15.1387964033186","15.371661669186","15.5032030615444","15.4818367112339","15.077456175722","14.3440590345541","13.5818111741827","12.8675827232844","12.2892847500519","11.8180724765746","11.3883188061232","11.0282796945386","10.61835609157","10.2171409405987","9.85590838637928","9.63098282004572","9.48313436682696","","",
"IDA & IBRD total","IBT","Prevalence of undernourishment (% of population)","SN.ITK.DEFC.ZS","","","","","","","","","","","","","","","","","","","","","","","","","","","","","","","","","","","","","","","","","17.446282493916","17.4603540278675","17.5788033484048","17.5239735668019","17.3062108553226","16.7573438894506","15.9961074892309","15.2542674754173","14.579802358351","14.0246313625341","13.5781678754285","13.1830209686837","12.9438893972996","12.6286835340983","12.3408634710409","12.1295685333327","12.067942042188","12.062437342453","","",
"IDA total","IDA","Prevalence of undernourishment (% of population)","SN.ITK.DEFC.ZS","","","","","","","","","","","","","","","","","","","","","","","","","","","","","","","","","","","","","","","","","27.6648877540197","27.0295663911679","26.5628837500222","25.6474654127031","24.5497021207877","23.3455638193786","22.408155031332","21.6656640526541","21.0629550346724","20.5146143797855","20.0765882703701","19.7246201771614","19.6447921577713","19.5719407238613","19.5818448037389","19.7812588089893","20.1622693682559","20.5170293919098","","",
"IDA blend","IDB","Prevalence of undernourishment (% of population)","SN.ITK.DEFC.ZS","","","","","","","","","","","","","","","","","","","","","","","","","","","","","","","","","","","","","","","","","19.8393949769854","20.3676061327205","20.8486143150183","20.3292531538286","19.2568419456905","17.9481924801583","17.0368902919384","16.4658070188099","16.133731899025","15.8623238192615","15.6333036562483","15.4869949514445","15.4898633933719","15.7193376363361","16.0462113757398","16.5783705036791","17.4741647291229","18.3000516870836","","",
"Indonesia","IDN","Prevalence of undernourishment (% of population)","SN.ITK.DEFC.ZS","","","","","","","","","","","","","","","","","","","","","","","","","","","","","","","","","","","","","","","","","18.5","19.1","19.3","19.3","19.4","19.4","19.3","18.8","17.8","15.8","13.3","10.9","9.6","9","8.8","8.7","8.6","8.3","","",
"IDA only","IDX","Prevalence of undernourishment (% of population)","SN.ITK.DEFC.ZS","","","","","","","","","","","","","","","","","","","","","","","","","","","","","","","","","","","","","","","","","32.3598694578961","31.0249587368853","29.9878735709428","28.8333077122939","27.7199986859449","26.5803125233995","25.6315437879405","24.7925064981039","24.0342928823116","23.325879997389","22.7693773741905","22.2992576640143","22.0605102517176","21.8145691924947","21.6421638716894","21.6494086035031","21.7313323015156","21.8117950205552","","",
"Isle of Man","IMN","Prevalence of undernourishment (% of population)","SN.ITK.DEFC.ZS","","","","","","","","","","","","","","","","","","","","","","","","","","","","","","","","","","","","","","","","","","","","","","","","","","","","","","","","","","","","",
"India","IND","Prevalence of undernourishment (% of population)","SN.ITK.DEFC.ZS","","","","","","","","","","","","","","","","","","","","","","","","","","","","","","","","","","","","","","","","","18.2","19.4","21","22.2","22.8","22.2","20.7","19.2","18.1","17.7","17.5","17.5","17.3","16.9","16.3","15.5","14.9","14.5","","",
"Not classified","INX","Prevalence of undernourishment (% of population)","SN.ITK.DEFC.ZS","","","","","","","","","","","","","","","","","","","","","","","","","","","","","","","","","","","","","","","","","","","","","","","","","","","","","","","","","","","","",
"Ireland","IRL","Prevalence of undernourishment (% of population)","SN.ITK.DEFC.ZS","","","","","","","","","","","","","","","","","","","","","","","","","","","","","","","","","","","","","","","","","2.5","2.5","2.5","2.5","2.5","2.5","2.5","2.5","2.5","2.5","2.5","2.5","2.5","2.5","2.5","2.5","2.5","2.5","","",
"Iran, Islamic Rep.","IRN","Prevalence of undernourishment (% of population)","SN.ITK.DEFC.ZS","","","","","","","","","","","","","","","","","","","","","","","","","","","","","","","","","","","","","","","","","4.9","5.4","5.7","5.8","5.9","6.1","6.4","6.5","6.4","6.1","5.8","5.7","5.6","5.4","5.2","5.1","5","4.9","","",
"Iraq","IRQ","Prevalence of undernourishment (% of population)","SN.ITK.DEFC.ZS","","","","","","","","","","","","","","","","","","","","","","","","","","","","","","","","","","","","","","","","","28.3","26.9","26.6","27.1","27.4","28.2","29.3","30","29.7","28.5","27.3","26.6","26.4","26.7","27.3","28.2","28.8","29","","",
"Iceland","ISL","Prevalence of undernourishment (% of population)","SN.ITK.DEFC.ZS","","","","","","","","","","","","","","","","","","","","","","","","","","","","","","","","","","","","","","","","","2.5","2.5","2.5","2.5","2.5","2.5","2.5","2.5","2.5","2.5","2.5","2.5","2.5","2.5","2.5","2.5","2.5","2.5","","",
"Israel","ISR","Prevalence of undernourishment (% of population)","SN.ITK.DEFC.ZS","","","","","","","","","","","","","","","","","","","","","","","","","","","","","","","","","","","","","","","","","2.5","2.5","2.5","2.5","2.5","2.5","2.5","2.5","2.5","2.5","2.5","2.5","2.5","2.5","2.5","2.5","2.5","2.5","","",
"Italy","ITA","Prevalence of undernourishment (% of population)","SN.ITK.DEFC.ZS","","","","","","","","","","","","","","","","","","","","","","","","","","","","","","","","","","","","","","","","","2.5","2.5","2.5","2.5","2.5","2.5","2.5","2.5","2.5","2.5","2.5","2.5","2.5","2.5","2.5","2.5","2.5","2.5","","",
"Jamaica","JAM","Prevalence of undernourishment (% of population)","SN.ITK.DEFC.ZS","","","","","","","","","","","","","","","","","","","","","","","","","","","","","","","","","","","","","","","","","7.4","6.8","6.6","6.6","6.8","7","7.3","7.7","8.2","8.6","8.8","9","9.2","9.3","9.2","8.8","8.4","8","","",
"Jordan","JOR","Prevalence of undernourishment (% of population)","SN.ITK.DEFC.ZS","","","","","","","","","","","","","","","","","","","","","","","","","","","","","","","","","","","","","","","","","12.6","10.9","9","7.6","6.8","6.6","6.8","7.1","7.6","7.9","8.2","8.6","9.5","10.4","11.2","11.6","11.8","12.2","","",
"Japan","JPN","Prevalence of undernourishment (% of population)","SN.ITK.DEFC.ZS","","","","","","","","","","","","","","","","","","","","","","","","","","","","","","","","","","","","","","","","","2.5","2.5","2.5","2.5","2.5","2.5","2.5","2.5","2.5","2.5","2.5","2.5","2.5","2.5","2.5","2.5","2.5","2.5","","",
"Kazakhstan","KAZ","Prevalence of undernourishment (% of population)","SN.ITK.DEFC.ZS","","","","","","","","","","","","","","","","","","","","","","","","","","","","","","","","","","","","","","","","","5.8","5.6","5.7","5.9","6.1","5.9","5.2","4.3","3.8","3.4","3.1","2.7","2.5","2.5","2.5","2.5","2.5","2.5","","",
"Kenya","KEN","Prevalence of undernourishment (% of population)","SN.ITK.DEFC.ZS","","","","","","","","","","","","","","","","","","","","","","","","","","","","","","","","","","","","","","","","","31.3","31.8","33.2","33","31.3","28.2","26.4","25.6","25.4","24.5","23.5","22.7","22.4","22.3","22.8","25","27.4","29.4","","",
"Kyrgyz Republic","KGZ","Prevalence of undernourishment (% of population)","SN.ITK.DEFC.ZS","","","","","","","","","","","","","","","","","","","","","","","","","","","","","","","","","","","","","","","","","16.3","15.8","14.4","12","10.3","9.7","10.1","10.2","9.8","9","8.3","7.8","7.3","6.9","6.6","6.6","6.8","7.1","","",
"Cambodia","KHM","Prevalence of undernourishment (% of population)","SN.ITK.DEFC.ZS","","","","","","","","","","","","","","","","","","","","","","","","","","","","","","","","","","","","","","","","","29.3","26","23.3","21.8","20.8","20","19.2","18.8","18.7","18.8","18.8","18.7","18.6","18.4","18.3","17.8","17.2","16.4","","",
"Kiribati","KIR","Prevalence of undernourishment (% of population)","SN.ITK.DEFC.ZS","","","","","","","","","","","","","","","","","","","","","","","","","","","","","","","","","","","","","","","","","4.4","4.3","4.5","4.6","4.7","4.6","4.6","4.6","4.4","4.1","3.7","3.3","3.1","3.2","3.2","3.2","3","2.7","","",
"St. Kitts and Nevis","KNA","Prevalence of undernourishment (% of population)","SN.ITK.DEFC.ZS","","","","","","","","","","","","","","","","","","","","","","","","","","","","","","","","","","","","","","","","","","","","","","","","","","","","","","","","","","","","",
"Korea, Rep.","KOR","Prevalence of undernourishment (% of population)","SN.ITK.DEFC.ZS","","","","","","","","","","","","","","","","","","","","","","","","","","","","","","","","","","","","","","","","","2.5","2.5","2.5","2.5","2.5","2.5","2.5","2.5","2.5","2.5","2.5","2.5","2.5","2.5","2.5","2.5","2.5","2.5","","",
"Kuwait","KWT","Prevalence of undernourishment (% of population)","SN.ITK.DEFC.ZS","","","","","","","","","","","","","","","","","","","","","","","","","","","","","","","","","","","","","","","","","2.5","2.5","2.5","2.5","2.5","2.5","2.5","2.5","2.5","2.5","2.5","2.5","2.5","2.5","2.5","2.5","2.6","2.8","","",
"Latin America & Caribbean (excluding high income)","LAC","Prevalence of undernourishment (% of population)","SN.ITK.DEFC.ZS","","","","","","","","","","","","","","","","","","","","","","","","","","","","","","","","","","","","","","","","","12.1435744769819","11.5268956817861","10.9761883239977","10.4475472360105","9.85485651014431","9.11652289417445","8.41312710810073","7.77359110982653","7.36513595922775","7.14252575696707","6.96266675640663","6.79069524127422","6.64386757478327","6.49860155390229","6.44340721643049","6.46958356327151","6.55657382921184","6.64760188471161","","",
"Lao PDR","LAO","Prevalence of undernourishment (% of population)","SN.ITK.DEFC.ZS","","","","","","","","","","","","","","","","","","","","","","","","","","","","","","","","","","","","","","","","","37.7","36","33.9","31.4","29.1","27","25.9","24.7","23.9","22.3","21.1","19.6","18.7","17.8","17.3","16.8","16.7","16.5","","",
"Lebanon","LBN","Prevalence of undernourishment (% of population)","SN.ITK.DEFC.ZS","","","","","","","","","","","","","","","","","","","","","","","","","","","","","","","","","","","","","","","","","2.5","2.5","2.5","2.9","3.3","3.4","3.4","3.4","3.5","3.8","4.5","5.9","7.6","9.4","10.5","11.1","11.2","11","","",
"Liberia","LBR","Prevalence of undernourishment (% of population)","SN.ITK.DEFC.ZS","","","","","","","","","","","","","","","","","","","","","","","","","","","","","","","","","","","","","","","","","38.4","39.8","40.6","40.7","40","39.4","39","38.2","37.3","36.5","36.5","36.7","37.6","38.5","39.2","38.8","38.1","37.2","","",
"Libya","LBY","Prevalence of undernourishment (% of population)","SN.ITK.DEFC.ZS","","","","","","","","","","","","","","","","","","","","","","","","","","","","","","","","","","","","","","","","","","","","","","","","","","","","","","","","","","","","",
"St. Lucia","LCA","Prevalence of undernourishment (% of population)","SN.ITK.DEFC.ZS","","","","","","","","","","","","","","","","","","","","","","","","","","","","","","","","","","","","","","","","","","","","","","","","","","","","","","","","","","","","",
"Latin America & Caribbean","LCN","Prevalence of undernourishment (% of population)","SN.ITK.DEFC.ZS","","","","","","","","","","","","","","","","","","","","","","","","","","","","","","","","","","","","","","","","","11.9576226949888","11.3512572741452","10.8072653485287","10.2996309870475","9.73581930789903","9.0223872910628","8.33353235517373","7.70499367581359","7.30506003598775","7.08340206178976","6.90037031861007","6.71957615693049","6.56310279307432","6.41551630076804","6.35488616184652","6.37170940697422","6.44638689487957","6.5274472917183","","",
"Least developed countries: UN classification","LDC","Prevalence of undernourishment (% of population)","SN.ITK.DEFC.ZS","","","","","","","","","","","","","","","","","","","","","","","","","","","","","","","","","","","","","","","","","34.7935935424644","33.3790512271143","32.2547671252198","30.9912155045693","29.7868247596332","28.5531873592572","27.5113491137827","26.5647517200568","25.69268329509","24.8794987970399","24.2472682780051","23.6951143371557","23.2840471961425","22.9085907646186","22.6448787488708","22.6257313140025","22.7223246905053","22.817582795694","","",
"Low income","LIC","Prevalence of undernourishment (% of population)","SN.ITK.DEFC.ZS","","","","","","","","","","","","","","","","","","","","","","","","","","","","","","","","","","","","","","","","","36.8292559982085","35.9883408024267","35.0025922507318","33.8555468355385","32.6457669653763","31.5204196584801","30.6652143705007","29.8782561893036","29.1213592901909","28.2801630703068","27.5530137851852","26.9687568742442","26.6069956838057","26.5038108736114","26.6096179030513","26.9704128645901","27.3847305618428","27.7119619577075","","",
"Liechtenstein","LIE","Prevalence of undernourishment (% of population)","SN.ITK.DEFC.ZS","","","","","","","","","","","","","","","","","","","","","","","","","","","","","","","","","","","","","","","","","","","","","","","","","","","","","","","","","","","","",
"Sri Lanka","LKA","Prevalence of undernourishment (% of population)","SN.ITK.DEFC.ZS","","","","","","","","","","","","","","","","","","","","","","","","","","","","","","","","","","","","","","","","","18.6","18.5","18.9","18.9","18.6","18.2","17.4","16.5","15.4","14.5","13.8","13","12.1","11.1","10.3","9.7","9.4","9","","",
"Lower middle income","LMC","Prevalence of undernourishment (% of population)","SN.ITK.DEFC.ZS","","","","","","","","","","","","","","","","","","","","","","","","","","","","","","","","","","","","","","","","","19.3992757954558","19.7449958106808","20.3341352998522","20.5758862948314","20.4965140238881","19.8075189378734","18.7407790343172","17.7018823346137","16.8635649448998","16.3197247160198","15.8779276889998","15.5548199880276","15.3721770801338","15.0475506369566","14.6652024243252","14.2700009896399","14.0821653665527","13.9882818676644","","",
"Low & middle income","LMY","Prevalence of undernourishment (% of population)","SN.ITK.DEFC.ZS","","","","","","","","","","","","","","","","","","","","","","","","","","","","","","","","","","","","","","","","","17.6767176179514","17.6888808793113","17.8016898412395","17.7414570305558","17.5191631343288","16.9724415375383","16.2152113928154","15.4780008349939","14.8054980369222","14.2493371819826","13.8007097272294","13.4031247896642","13.1624727459417","12.8466689529847","12.5596162479362","12.3499878381691","12.2938445559746","12.2950673864112","","",
"Lesotho","LSO","Prevalence of undernourishment (% of population)","SN.ITK.DEFC.ZS","","","","","","","","","","","","","","","","","","","","","","","","","","","","","","","","","","","","","","","","","13.6","13","12.6","12.3","11.9","11.7","11.7","12","12.3","12.5","12.7","13.1","13.2","13.1","13.1","13.2","13.4","13.1","","",
"Late-demographic dividend","LTE","Prevalence of undernourishment (% of population)","SN.ITK.DEFC.ZS","","","","","","","","","","","","","","","","","","","","","","","","","","","","","","","","","","","","","","","","","14.46311374266","14.1289676611812","13.7049223840072","13.3077087172384","12.9834427028075","12.6358247296592","12.1606199168594","11.6589063318249","11.0584579634129","10.4377162743025","9.94584330619864","9.37845521191203","8.9330940626797","8.41832081310773","7.96857497994424","7.66007193285196","7.50384297914045","7.43595730399124","","",
"Lithuania","LTU","Prevalence of undernourishment (% of population)","SN.ITK.DEFC.ZS","","","","","","","","","","","","","","","","","","","","","","","","","","","","","","","","","","","","","","","","","2.5","2.5","2.5","2.5","2.5","2.5","2.5","2.5","2.5","2.5","2.5","2.5","2.5","2.5","2.5","2.5","2.5","2.5","","",
"Luxembourg","LUX","Prevalence of undernourishment (% of population)","SN.ITK.DEFC.ZS","","","","","","","","","","","","","","","","","","","","","","","","","","","","","","","","","","","","","","","","","2.5","2.5","2.5","2.5","2.5","2.5","2.5","2.5","2.5","2.5","2.5","2.5","2.5","2.5","2.5","2.5","2.5","2.5","","",
"Latvia","LVA","Prevalence of undernourishment (% of population)","SN.ITK.DEFC.ZS","","","","","","","","","","","","","","","","","","","","","","","","","","","","","","","","","","","","","","","","","5.3","4.5","3.6","2.9","2.5","2.5","2.5","2.5","2.5","2.5","2.5","2.5","2.5","2.5","2.5","2.5","2.5","2.5","","",
"Macao SAR, China","MAC","Prevalence of undernourishment (% of population)","SN.ITK.DEFC.ZS","","","","","","","","","","","","","","","","","","","","","","","","","","","","","","","","","","","","","","","","","22.6","21.9","20.2","18.1","16","14.6","14","13.8","14","14","13.7","13.2","12.6","12.2","11.9","11.6","11.4","11.2","","",
"St. Martin (French part)","MAF","Prevalence of undernourishment (% of population)","SN.ITK.DEFC.ZS","","","","","","","","","","","","","","","","","","","","","","","","","","","","","","","","","","","","","","","","","","","","","","","","","","","","","","","","","","","","",
"Morocco","MAR","Prevalence of undernourishment (% of population)","SN.ITK.DEFC.ZS","","","","","","","","","","","","","","","","","","","","","","","","","","","","","","","","","","","","","","","","","6.8","6.7","6.4","6","5.7","5.7","5.6","5.5","5.5","5.4","5.2","4.9","4.6","4.2","3.8","3.5","3.4","3.4","","",
"Monaco","MCO","Prevalence of undernourishment (% of population)","SN.ITK.DEFC.ZS","","","","","","","","","","","","","","","","","","","","","","","","","","","","","","","","","","","","","","","","","","","","","","","","","","","","","","","","","","","","",
"Moldova","MDA","Prevalence of undernourishment (% of population)","SN.ITK.DEFC.ZS","","","","","","","","","","","","","","","","","","","","","","","","","","","","","","","","","","","","","","","","","","","","","","","","","","","","","","","","","","","","",
"Madagascar","MDG","Prevalence of undernourishment (% of population)","SN.ITK.DEFC.ZS","","","","","","","","","","","","","","","","","","","","","","","","","","","","","","","","","","","","","","","","","34.4","35.5","37","37.5","36.9","35","33.5","32.4","32.2","31.9","31.8","32.1","33.4","35.7","38.4","41.1","43","44.4","","",
"Maldives","MDV","Prevalence of undernourishment (% of population)","SN.ITK.DEFC.ZS","","","","","","","","","","","","","","","","","","","","","","","","","","","","","","","","","","","","","","","","","14","14.6","15.5","16.6","17.6","18.2","18.1","17","15.2","13.2","11.7","11","11","11.1","11.1","10.8","10.5","10.3","","",
"Middle East & North Africa","MEA","Prevalence of undernourishment (% of population)","SN.ITK.DEFC.ZS","","","","","","","","","","","","","","","","","","","","","","","","","","","","","","","","","","","","","","","","","9.44043385931169","9.38619987448277","9.44807987271349","9.5263635730542","9.58813568125886","9.61726255773578","9.56963346848726","9.44913595168592","9.28000795163343","8.96454383614092","8.65140986079252","8.43636779104514","8.3386487333454","8.42894650022255","8.64039250784431","8.9278160378244","9.23659722684511","9.46474724625058","","",
"Mexico","MEX","Prevalence of undernourishment (% of population)","SN.ITK.DEFC.ZS","","","","","","","","","","","","","","","","","","","","","","","","","","","","","","","","","","","","","","","","","4.4","4.4","4.8","5.5","5.8","5.5","5","4.7","4.7","4.7","4.6","4.6","4.5","4.3","4.1","3.9","3.7","3.6","","",
"Marshall Islands","MHL","Prevalence of undernourishment (% of population)","SN.ITK.DEFC.ZS","","","","","","","","","","","","","","","","","","","","","","","","","","","","","","","","","","","","","","","","","","","","","","","","","","","","","","","","","","","","",
"Middle income","MIC","Prevalence of undernourishment (% of population)","SN.ITK.DEFC.ZS","","","","","","","","","","","","","","","","","","","","","","","","","","","","","","","","","","","","","","","","","16.2203371641373","16.2771034874797","16.4546086887894","16.4601948909953","16.2981447370585","15.780649744148","15.0161185889278","14.2657316215812","13.5830935104302","13.0342471030225","12.5927018040349","12.1944497021467","11.9556879405151","11.603194167123","11.2616972719823","10.9792287625947","10.8574762433635","10.8049899554003","","",
"North Macedonia","MKD","Prevalence of undernourishment (% of population)","SN.ITK.DEFC.ZS","","","","","","","","","","","","","","","","","","","","","","","","","","","","","","","","","","","","","","","","","7.9","8.8","8.4","7.7","6.7","6.1","5.3","4.5","4.1","4.1","4.4","4.6","4.6","4.4","4.1","3.8","3.5","3.2","","",
"Mali","MLI","Prevalence of undernourishment (% of population)","SN.ITK.DEFC.ZS","","","","","","","","","","","","","","","","","","","","","","","","","","","","","","","","","","","","","","","","","14.6","14","13.5","12.9","12.2","11.1","9.8","8.6","7.7","7.2","6.9","6.7","6.4","5.9","5.6","5.7","6","6.3","","",
"Malta","MLT","Prevalence of undernourishment (% of population)","SN.ITK.DEFC.ZS","","","","","","","","","","","","","","","","","","","","","","","","","","","","","","","","","","","","","","","","","2.5","2.5","2.5","2.5","2.5","2.5","2.5","2.5","2.5","2.5","2.5","2.5","2.5","2.5","2.5","2.5","2.5","2.5","","",
"Myanmar","MMR","Prevalence of undernourishment (% of population)","SN.ITK.DEFC.ZS","","","","","","","","","","","","","","","","","","","","","","","","","","","","","","","","","","","","","","","","","48.3","44.9","41.3","38.2","35.3","32","28.5","24.9","21.6","19","16.9","15.3","14","12.9","11.8","11","10.6","10.6","","",
"Middle East & North Africa (excluding high income)","MNA","Prevalence of undernourishment (% of population)","SN.ITK.DEFC.ZS","","","","","","","","","","","","","","","","","","","","","","","","","","","","","","","","","","","","","","","","","10.0129239175077","9.9372227453582","9.9623285672828","10.0065986234465","10.0558542671109","10.0945911442236","10.0673882956029","9.94165637054185","9.76304023168957","9.42874049587411","9.13556387149768","8.95819555167457","8.93353932054818","9.08821823382537","9.36646345554931","9.68869504460075","9.99608249454248","10.1730697965876","","",
"Montenegro","MNE","Prevalence of undernourishment (% of population)","SN.ITK.DEFC.ZS","","","","","","","","","","","","","","","","","","","","","","","","","","","","","","","","","","","","","","","","","","","","","","","2.5","2.5","2.5","2.5","2.5","2.5","2.5","2.5","2.5","2.5","2.5","2.5","","",
"Mongolia","MNG","Prevalence of undernourishment (% of population)","SN.ITK.DEFC.ZS","","","","","","","","","","","","","","","","","","","","","","","","","","","","","","","","","","","","","","","","","35.1","33.4","32.7","32.5","32.2","31","29.1","26.6","24.2","22.2","20.8","19.5","18.4","16.7","15","13.4","13.1","13.4","","",
"Northern Mariana Islands","MNP","Prevalence of undernourishment (% of population)","SN.ITK.DEFC.ZS","","","","","","","","","","","","","","","","","","","","","","","","","","","","","","","","","","","","","","","","","","","","","","","","","","","","","","","","","","","","",
"Mozambique","MOZ","Prevalence of undernourishment (% of population)","SN.ITK.DEFC.ZS","","","","","","","","","","","","","","","","","","","","","","","","","","","","","","","","","","","","","","","","","41.1","40.4","39.2","38.2","37.5","37","35.8","34.5","32.5","30.7","28.5","27.2","26.5","26.6","26.8","27.2","27.5","27.9","","",
"Mauritania","MRT","Prevalence of undernourishment (% of population)","SN.ITK.DEFC.ZS","","","","","","","","","","","","","","","","","","","","","","","","","","","","","","","","","","","","","","","","","11.6","11.4","11.4","11.5","12.1","12.1","11.5","10.2","9.3","8.7","8.2","7.8","7.2","7.1","7.4","8.6","9.6","10.4","","",
"Mauritius","MUS","Prevalence of undernourishment (% of population)","SN.ITK.DEFC.ZS","","","","","","","","","","","","","","","","","","","","","","","","","","","","","","","","","","","","","","","","","6.6","6.3","6","5.7","5.5","5.2","5.2","5","4.9","4.7","4.8","5.1","5.5","5.6","5.6","5.8","6.1","6.5","","",
"Malawi","MWI","Prevalence of undernourishment (% of population)","SN.ITK.DEFC.ZS","","","","","","","","","","","","","","","","","","","","","","","","","","","","","","","","","","","","","","","","","27.1","26.4","27","27.4","27.3","26.1","24.5","23.2","22.3","22","21.8","21.3","20.3","19","18.1","17.7","17.7","17.5","","",
"Malaysia","MYS","Prevalence of undernourishment (% of population)","SN.ITK.DEFC.ZS","","","","","","","","","","","","","","","","","","","","","","","","","","","","","","","","","","","","","","","","","2.8","3.2","3.5","3.7","3.8","3.9","4.1","4.2","4.2","4","3.7","3.5","3.4","3.2","3","2.8","2.6","2.5","","",
"North America","NAC","Prevalence of undernourishment (% of population)","SN.ITK.DEFC.ZS","","","","","","","","","","","","","","","","","","","","","","","","","","","","","","","","","","","","","","","","","2.5","2.5","2.5","2.5","2.5","2.5","2.5","2.5","2.5","2.5","2.5","2.5","2.5","2.5","2.5","2.5","2.5","2.5","","",
"Namibia","NAM","Prevalence of undernourishment (% of population)","SN.ITK.DEFC.ZS","","","","","","","","","","","","","","","","","","","","","","","","","","","","","","","","","","","","","","","","","26.2","24.4","24.3","24.3","24.5","25.1","26.7","29.5","33.3","36.4","37.4","36.1","33.9","32","30.9","29.7","28.5","27.3","","",
"New Caledonia","NCL","Prevalence of undernourishment (% of population)","SN.ITK.DEFC.ZS","","","","","","","","","","","","","","","","","","","","","","","","","","","","","","","","","","","","","","","","","7.6","7.5","7.6","7.8","8","8.2","8.2","8.2","8.1","8","7.7","7.5","7.3","7.2","7.2","7.2","7.2","7.1","","",
"Niger","NER","Prevalence of undernourishment (% of population)","SN.ITK.DEFC.ZS","","","","","","","","","","","","","","","","","","","","","","","","","","","","","","","","","","","","","","","","","21.6","19.7","18.5","17.1","15.9","15.1","14.4","13.5","12.4","11.7","11.3","10.9","10.6","10.4","10.3","11.6","14.1","16.5","","",
"Nigeria","NGA","Prevalence of undernourishment (% of population)","SN.ITK.DEFC.ZS","","","","","","","","","","","","","","","","","","","","","","","","","","","","","","","","","","","","","","","","","9.3","9","9","8.3","7.4","6.5","6.1","6","6","6.1","6.2","6.5","7","7.8","8.6","9.6","11.5","13.4","","",
"Nicaragua","NIC","Prevalence of undernourishment (% of population)","SN.ITK.DEFC.ZS","","","","","","","","","","","","","","","","","","","","","","","","","","","","","","","","","","","","","","","","","32.6","29.3","27.4","26.2","25.4","24.4","23.4","22.6","22.1","21.6","20.9","20","19","17.9","17.2","16.9","16.9","17","","",
"Netherlands","NLD","Prevalence of undernourishment (% of population)","SN.ITK.DEFC.ZS","","","","","","","","","","","","","","","","","","","","","","","","","","","","","","","","","","","","","","","","","2.5","2.5","2.5","2.5","2.5","2.5","2.5","2.5","2.5","2.5","2.5","2.5","2.5","2.5","2.5","2.5","2.5","2.5","","",
"Norway","NOR","Prevalence of undernourishment (% of population)","SN.ITK.DEFC.ZS","","","","","","","","","","","","","","","","","","","","","","","","","","","","","","","","","","","","","","","","","2.5","2.5","2.5","2.5","2.5","2.5","2.5","2.5","2.5","2.5","2.5","2.5","2.5","2.5","2.5","2.5","2.5","2.5","","",
"Nepal","NPL","Prevalence of undernourishment (% of population)","SN.ITK.DEFC.ZS","","","","","","","","","","","","","","","","","","","","","","","","","","","","","","","","","","","","","","","","","22","21.4","20.4","18.7","17.2","16","15.2","14","12.6","11.2","10.1","9.4","9","9","9.2","9.2","9","8.7","","",
"Nauru","NRU","Prevalence of undernourishment (% of population)","SN.ITK.DEFC.ZS","","","","","","","","","","","","","","","","","","","","","","","","","","","","","","","","","","","","","","","","","","","","","","","","","","","","","","","","","","","","",
"New Zealand","NZL","Prevalence of undernourishment (% of population)","SN.ITK.DEFC.ZS","","","","","","","","","","","","","","","","","","","","","","","","","","","","","","","","","","","","","","","","","2.5","2.5","2.5","2.5","2.5","2.5","2.5","2.5","2.5","2.5","2.5","2.5","2.5","2.5","2.5","2.5","2.5","2.5","","",
"OECD members","OED","Prevalence of undernourishment (% of population)","SN.ITK.DEFC.ZS","","","","","","","","","","","","","","","","","","","","","","","","","","","","","","","","","","","","","","","","","2.71684649548288","2.71484489161381","2.74553820018207","2.80511773333285","2.82964874643758","2.80265870592262","2.75763796905853","2.73225312178003","2.73374664191588","2.73384450031707","2.72413032529247","2.72245138069324","2.71129912149173","2.69209278680958","2.67104554829439","2.6486539118904","2.62553577973092","2.61292122955495","","",
"Oman","OMN","Prevalence of undernourishment (% of population)","SN.ITK.DEFC.ZS","","","","","","","","","","","","","","","","","","","","","","","","","","","","","","","","","","","","","","","","","11.9","11.5","11.7","11.7","11.3","10.5","9.5","8.3","7.1","6.1","5.6","5.3","5.1","5.1","5.2","5.6","6.1","6.8","","",
"Other small states","OSS","Prevalence of undernourishment (% of population)","SN.ITK.DEFC.ZS","","","","","","","","","","","","","","","","","","","","","","","","","","","","","","","","","","","","","","","","","18.5791631804221","17.7176208135507","17.3678713012242","17.0896285788547","16.8643016071084","16.7558504863684","16.4073856907853","16.5532441055095","16.7390859277328","16.7494255615367","16.4715328009924","16.0057344451381","15.6232911553608","15.4550442497311","15.4943198687719","15.5576849614572","15.562437206837","15.4727746348877","","",
"Pakistan","PAK","Prevalence of undernourishment (% of population)","SN.ITK.DEFC.ZS","","","","","","","","","","","","","","","","","","","","","","","","","","","","","","","","","","","","","","","","","23.4","24.8","25.8","25.5","24.5","23.3","22.4","21.7","21.3","21.1","21.1","21.1","21","21","21","20.8","20.6","20.3","","",
"Panama","PAN","Prevalence of undernourishment (% of population)","SN.ITK.DEFC.ZS","","","","","","","","","","","","","","","","","","","","","","","","","","","","","","","","","","","","","","","","","27.7","26.2","24.3","23.3","23.8","22.9","21","18.3","16.3","14.7","13.2","11.8","10.5","9.8","9.6","9.7","9.9","10","","",
"Peru","PER","Prevalence of undernourishment (% of population)","SN.ITK.DEFC.ZS","","","","","","","","","","","","","","","","","","","","","","","","","","","","","","","","","","","","","","","","","21.8","21.7","22.3","22.6","21.6","19.6","17.6","15.7","14.2","12.6","11.2","10.1","9.4","9.2","9.2","9.5","9.7","9.7","","",
"Philippines","PHL","Prevalence of undernourishment (% of population)","SN.ITK.DEFC.ZS","","","","","","","","","","","","","","","","","","","","","","","","","","","","","","","","","","","","","","","","","20.4","19.7","19.1","18.5","17.4","16.3","15.2","14.1","13.3","13","13.3","13.7","14.1","14.2","14","13.6","13.5","13.3","","",
"Palau","PLW","Prevalence of undernourishment (% of population)","SN.ITK.DEFC.ZS","","","","","","","","","","","","","","","","","","","","","","","","","","","","","","","","","","","","","","","","","","","","","","","","","","","","","","","","","","","","",
"Papua New Guinea","PNG","Prevalence of undernourishment (% of population)","SN.ITK.DEFC.ZS","","","","","","","","","","","","","","","","","","","","","","","","","","","","","","","","","","","","","","","","","","","","","","","","","","","","","","","","","","","","",
"Poland","POL","Prevalence of undernourishment (% of population)","SN.ITK.DEFC.ZS","","","","","","","","","","","","","","","","","","","","","","","","","","","","","","","","","","","","","","","","","2.5","2.5","2.5","2.5","2.5","2.5","2.5","2.5","2.5","2.5","2.5","2.5","2.5","2.5","2.5","2.5","2.5","2.5","","",
"Pre-demographic dividend","PRE","Prevalence of undernourishment (% of population)","SN.ITK.DEFC.ZS","","","","","","","","","","","","","","","","","","","","","","","","","","","","","","","","","","","","","","","","","27.0432508047124","26.7199429056439","26.3770202909325","25.5833377568141","24.5283067950441","23.4695313745901","22.6886374278832","22.1296296835293","21.6569678257884","21.1488794174609","20.6766071664435","20.3278098145964","20.3938660529209","20.4830233349497","20.7106080544928","21.3845301762346","22.3274040419529","23.2088536475723","","",
"Puerto Rico","PRI","Prevalence of undernourishment (% of population)","SN.ITK.DEFC.ZS","","","","","","","","","","","","","","","","","","","","","","","","","","","","","","","","","","","","","","","","","","","","","","","","","","","","","","","","","","","","",
"Korea, Dem. People’s Rep.","PRK","Prevalence of undernourishment (% of population)","SN.ITK.DEFC.ZS","","","","","","","","","","","","","","","","","","","","","","","","","","","","","","","","","","","","","","","","","37.5","37.1","35.5","34.5","34.1","35.4","37.3","39.3","40.8","41.5","41.8","41.8","42.1","42.6","43.4","44.3","45.9","47.8","","",
"Portugal","PRT","Prevalence of undernourishment (% of population)","SN.ITK.DEFC.ZS","","","","","","","","","","","","","","","","","","","","","","","","","","","","","","","","","","","","","","","","","2.5","2.5","2.5","2.5","2.5","2.5","2.5","2.5","2.5","2.5","2.5","2.5","2.5","2.5","2.5","2.5","2.5","2.5","","",
"Paraguay","PRY","Prevalence of undernourishment (% of population)","SN.ITK.DEFC.ZS","","","","","","","","","","","","","","","","","","","","","","","","","","","","","","","","","","","","","","","","","12.9","12.2","11.5","11","11.2","11.9","12.4","12.6","12.8","12.7","12.2","11.9","12","12.1","11.7","11.2","10.9","10.7","","",
"West Bank and Gaza","PSE","Prevalence of undernourishment (% of population)","SN.ITK.DEFC.ZS","","","","","","","","","","","","","","","","","","","","","","","","","","","","","","","","","","","","","","","","","","","","","","","","","","","","","","","","","","","","",
"Pacific island small states","PSS","Prevalence of undernourishment (% of population)","SN.ITK.DEFC.ZS","","","","","","","","","","","","","","","","","","","","","","","","","","","","","","","","","","","","","","","","","7.73345763207891","7.49035578965948","7.22320840169968","6.97415416018899","6.75429897434578","6.56772738451403","6.36252075992876","6.32165627171319","6.19846107330355","6.2343734926781","6.20630490086085","6.36184645998082","6.62352257526359","6.78405690234592","6.72502213932221","6.31293521573102","5.90268545776216","5.595726996747","","",
"Post-demographic dividend","PST","Prevalence of undernourishment (% of population)","SN.ITK.DEFC.ZS","","","","","","","","","","","","","","","","","","","","","","","","","","","","","","","","","","","","","","","","","2.67936577813985","2.61747328779602","2.57440355829662","2.55951105769954","2.55353699330819","2.54473017790495","2.53525195884291","2.53301346230114","2.52997159453521","2.52871756282102","2.52772703215919","2.5270809684296","2.52554208918133","2.52244285358448","2.51943517787277","2.53654323058441","2.54660778410399","2.55310409130761","","",
"French Polynesia","PYF","Prevalence of undernourishment (% of population)","SN.ITK.DEFC.ZS","","","","","","","","","","","","","","","","","","","","","","","","","","","","","","","","","","","","","","","","","4.6","4.3","4","3.9","3.9","3.9","4","4","4.1","4.1","4.2","4.2","4.1","4.1","4.1","4.2","4.2","4.2","","",
"Qatar","QAT","Prevalence of undernourishment (% of population)","SN.ITK.DEFC.ZS","","","","","","","","","","","","","","","","","","","","","","","","","","","","","","","","","","","","","","","","","","","","","","","","","","","","","","","","","","","","",
"Romania","ROU","Prevalence of undernourishment (% of population)","SN.ITK.DEFC.ZS","","","","","","","","","","","","","","","","","","","","","","","","","","","","","","","","","","","","","","","","","2.5","2.5","2.5","2.5","2.5","2.5","2.5","2.5","2.5","2.5","2.5","2.5","2.5","2.5","2.5","2.5","2.5","2.5","","",
"Russian Federation","RUS","Prevalence of undernourishment (% of population)","SN.ITK.DEFC.ZS","","","","","","","","","","","","","","","","","","","","","","","","","","","","","","","","","","","","","","","","","5.1","4.4","3.7","3.1","2.6","2.5","2.5","2.5","2.5","2.5","2.5","2.5","2.5","2.5","2.5","2.5","2.5","2.5","","",
"Rwanda","RWA","Prevalence of undernourishment (% of population)","SN.ITK.DEFC.ZS","","","","","","","","","","","","","","","","","","","","","","","","","","","","","","","","","","","","","","","","","55.5","49.7","45.7","44.9","44.9","44.5","43.2","41.1","38.6","35.9","34","32.9","32.5","32.9","33.9","35.1","36","36.8","","",
"South Asia","SAS","Prevalence of undernourishment (% of population)","SN.ITK.DEFC.ZS","","","","","","","","","","","","","","","","","","","","","","","","","","","","","","","","","","","","","","","","","19.458075417719","20.3256400643692","21.5571686295365","22.29235800442","22.524723401975","21.83171061961","20.5042980326496","19.2163902339263","18.2758036885192","17.9125131918645","17.7531270666704","17.7400656088888","17.587373093534","17.2901778425379","16.8433084256003","16.2120039247661","15.7162483767331","15.3441571439123","","",
"Saudi Arabia","SAU","Prevalence of undernourishment (% of population)","SN.ITK.DEFC.ZS","","","","","","","","","","","","","","","","","","","","","","","","","","","","","","","","","","","","","","","","","6.1","6.4","7","7.6","7.9","7.9","7.7","7.7","7.7","7.6","7","6.4","5.7","5.4","5.3","5.6","6.2","7.1","","",
"Sudan","SDN","Prevalence of undernourishment (% of population)","SN.ITK.DEFC.ZS","","","","","","","","","","","","","","","","","","","","","","","","","","","","","","","","","","","","","","","","","","","","","","","","","","","","","23.5","22.5","21","20.1","19.9","20.1","","",
"Senegal","SEN","Prevalence of undernourishment (% of population)","SN.ITK.DEFC.ZS","","","","","","","","","","","","","","","","","","","","","","","","","","","","","","","","","","","","","","","","","28.7","27.6","26.7","25.2","23.4","21.6","19.2","16.9","14.7","13.6","13.1","13.1","13.3","13.5","13.4","13","12","11.3","","",
"Singapore","SGP","Prevalence of undernourishment (% of population)","SN.ITK.DEFC.ZS","","","","","","","","","","","","","","","","","","","","","","","","","","","","","","","","","","","","","","","","","","","","","","","","","","","","","","","","","","","","",
"Solomon Islands","SLB","Prevalence of undernourishment (% of population)","SN.ITK.DEFC.ZS","","","","","","","","","","","","","","","","","","","","","","","","","","","","","","","","","","","","","","","","","15","14.5","13.6","12.9","12.3","11.9","11.4","11.2","10.9","10.7","10.6","11.1","12.1","12.8","12.7","11.4","10","8.9","","",
"Sierra Leone","SLE","Prevalence of undernourishment (% of population)","SN.ITK.DEFC.ZS","","","","","","","","","","","","","","","","","","","","","","","","","","","","","","","","","","","","","","","","","39.6","40.3","40","39.6","38.8","37","34.6","32.2","30.4","28.7","27","25.2","23.7","22.6","22","23","24.4","25.6","","",
"El Salvador","SLV","Prevalence of undernourishment (% of population)","SN.ITK.DEFC.ZS","","","","","","","","","","","","","","","","","","","","","","","","","","","","","","","","","","","","","","","","","11","9.3","8.9","9.3","10","10.5","10.8","11","11.4","11.9","12.4","12.5","12.2","11.5","10.6","9.8","9.3","9","","",
"San Marino","SMR","Prevalence of undernourishment (% of population)","SN.ITK.DEFC.ZS","","","","","","","","","","","","","","","","","","","","","","","","","","","","","","","","","","","","","","","","","","","","","","","","","","","","","","","","","","","","",
"Somalia","SOM","Prevalence of undernourishment (% of population)","SN.ITK.DEFC.ZS","","","","","","","","","","","","","","","","","","","","","","","","","","","","","","","","","","","","","","","","","","","","","","","","","","","","","","","","","","","","",
"Serbia","SRB","Prevalence of undernourishment (% of population)","SN.ITK.DEFC.ZS","","","","","","","","","","","","","","","","","","","","","","","","","","","","","","","","","","","","","","","","","","","","","","","6","6","6","5.9","5.9","6","6.1","6","6","5.9","5.7","5.7","","",
"Sub-Saharan Africa (excluding high income)","SSA","Prevalence of undernourishment (% of population)","SN.ITK.DEFC.ZS","","","","","","","","","","","","","","","","","","","","","","","","","","","","","","","","","","","","","","","","","27.5968811550074","26.8797085434108","26.350811918498","25.5045697503139","24.5010515466831","23.4477177988615","22.7300986536762","22.2024507502581","21.7113635398223","21.1362226404031","20.5949294902112","20.151653806587","20.0026430553003","19.8099451166303","19.7377819016149","20.0779183703255","20.7102365460195","21.3504029980237","","",
"South Sudan","SSD","Prevalence of undernourishment (% of population)","SN.ITK.DEFC.ZS","","","","","","","","","","","","","","","","","","","","","","","","","","","","","","","","","","","","","","","","","","","","","","","","","","","","","","","","","","","","",
"Sub-Saharan Africa","SSF","Prevalence of undernourishment (% of population)","SN.ITK.DEFC.ZS","","","","","","","","","","","","","","","","","","","","","","","","","","","","","","","","","","","","","","","","","27.5968811550074","26.8797085434108","26.350811918498","25.5045697503139","24.5010515466831","23.4477177988615","22.7300986536762","22.2024507502581","21.7113635398223","21.1362226404031","20.5949294902112","20.1516538065871","20.0026430553003","19.8099451166303","19.7377819016149","20.0779183703255","20.7102365460195","21.3504029980237","","",
"Small states","SST","Prevalence of undernourishment (% of population)","SN.ITK.DEFC.ZS","","","","","","","","","","","","","","","","","","","","","","","","","","","","","","","","","","","","","","","","","15.5513731202536","14.8356188747237","14.5586111290944","14.3809908919997","14.2512908350798","14.1753353654945","13.9915300535792","14.1168103130067","14.2901909525393","14.3264426182046","14.1187667561258","13.7629189959444","13.4693011760708","13.3289226805363","13.3280847905211","13.31588591556","13.2468985480905","13.12349640563","","",
"Sao Tome and Principe","STP","Prevalence of undernourishment (% of population)","SN.ITK.DEFC.ZS","","","","","","","","","","","","","","","","","","","","","","","","","","","","","","","","","","","","","","","","","17.8","14.5","12.3","10.9","9.9","9.4","9.4","10.1","11.3","12.9","14.6","15.5","14.6","12.1","9","7.1","6.7","7","","",
"Suriname","SUR","Prevalence of undernourishment (% of population)","SN.ITK.DEFC.ZS","","","","","","","","","","","","","","","","","","","","","","","","","","","","","","","","","","","","","","","","","13","12.9","12.4","12.1","11.6","10.9","10.3","9.7","9.1","8.4","8","8.1","8.3","8.2","8.1","8.1","8.3","8.5","","",
"Slovak Republic","SVK","Prevalence of undernourishment (% of population)","SN.ITK.DEFC.ZS","","","","","","","","","","","","","","","","","","","","","","","","","","","","","","","","","","","","","","","","","5.9","6.5","6.7","6.5","6.3","6.2","6.1","5.9","5.4","4.8","4.3","4.1","3.9","3.8","3.7","3.7","3.6","3.4","","",
"Slovenia","SVN","Prevalence of undernourishment (% of population)","SN.ITK.DEFC.ZS","","","","","","","","","","","","","","","","","","","","","","","","","","","","","","","","","","","","","","","","","2.5","2.5","2.5","2.5","2.5","2.5","2.5","2.5","2.5","2.5","2.5","2.5","2.5","2.5","2.5","2.5","2.5","2.5","","",
"Sweden","SWE","Prevalence of undernourishment (% of population)","SN.ITK.DEFC.ZS","","","","","","","","","","","","","","","","","","","","","","","","","","","","","","","","","","","","","","","","","2.5","2.5","2.5","2.5","2.5","2.5","2.5","2.5","2.5","2.5","2.5","2.5","2.5","2.5","2.5","2.5","2.5","2.5","","",
"Eswatini","SWZ","Prevalence of undernourishment (% of population)","SN.ITK.DEFC.ZS","","","","","","","","","","","","","","","","","","","","","","","","","","","","","","","","","","","","","","","","","19.2","17.4","16","15.3","15.5","17","19.1","21.2","22.6","23.3","23.2","22.7","22.7","22.7","23","22.4","21.7","20.6","","",
"Sint Maarten (Dutch part)","SXM","Prevalence of undernourishment (% of population)","SN.ITK.DEFC.ZS","","","","","","","","","","","","","","","","","","","","","","","","","","","","","","","","","","","","","","","","","","","","","","","","","","","","","","","","","","","","",
"Seychelles","SYC","Prevalence of undernourishment (% of population)","SN.ITK.DEFC.ZS","","","","","","","","","","","","","","","","","","","","","","","","","","","","","","","","","","","","","","","","","","","","","","","","","","","","","","","","","","","","",
"Syrian Arab Republic","SYR","Prevalence of undernourishment (% of population)","SN.ITK.DEFC.ZS","","","","","","","","","","","","","","","","","","","","","","","","","","","","","","","","","","","","","","","","","","","","","","","","","","","","","","","","","","","","",
"Turks and Caicos Islands","TCA","Prevalence of undernourishment (% of population)","SN.ITK.DEFC.ZS","","","","","","","","","","","","","","","","","","","","","","","","","","","","","","","","","","","","","","","","","","","","","","","","","","","","","","","","","","","","",
"Chad","TCD","Prevalence of undernourishment (% of population)","SN.ITK.DEFC.ZS","","","","","","","","","","","","","","","","","","","","","","","","","","","","","","","","","","","","","","","","","40.1","39.8","39.7","39.1","39.1","39.2","39.8","40.3","40.7","40.8","40","38.9","37.6","36.9","36.5","36.5","36.8","37.5","","",
"East Asia & Pacific (IDA & IBRD countries)","TEA","Prevalence of undernourishment (% of population)","SN.ITK.DEFC.ZS","","","","","","","","","","","","","","","","","","","","","","","","","","","","","","","","","","","","","","","","","17.9568890913287","17.7165493911776","17.4058541200595","17.1056559861671","16.8187417381171","16.3882993157766","15.7972979177275","15.1001987711965","14.2268695631085","13.2119064786604","12.3044904048839","11.3698041764502","10.7298168893566","10.096802130252","9.56659271261458","9.19387719347517","8.99977029491914","8.87113630706614","","",
"Europe & Central Asia (IDA & IBRD countries)","TEC","Prevalence of undernourishment (% of population)","SN.ITK.DEFC.ZS","","","","","","","","","","","","","","","","","","","","","","","","","","","","","","","","","","","","","","","","","5.68193569019928","5.38042690596104","4.98149063851836","4.54135689214928","4.11304006845107","3.8144178618715","3.63017837346461","3.48556923681688","3.39487948339225","3.33108409177277","3.27756100926866","3.20476596609316","3.13640915505673","3.08015068258513","3.04476701255662","3.07742579716238","3.10329103497183","3.13327256733426","","",
"Togo","TGO","Prevalence of undernourishment (% of population)","SN.ITK.DEFC.ZS","","","","","","","","","","","","","","","","","","","","","","","","","","","","","","","","","","","","","","","","","31.1","30.5","29.8","28.6","27.2","26","24.9","23.9","22.9","22","21","20.1","19.2","18.3","17.5","17.1","16.6","16.1","","",
"Thailand","THA","Prevalence of undernourishment (% of population)","SN.ITK.DEFC.ZS","","","","","","","","","","","","","","","","","","","","","","","","","","","","","","","","","","","","","","","","","18.8","18.3","17.1","15.8","14.2","12.5","11","10.3","10","9.8","9.2","8.7","8.4","8.2","8","7.9","7.8","7.8","","",
"Tajikistan","TJK","Prevalence of undernourishment (% of population)","SN.ITK.DEFC.ZS","","","","","","","","","","","","","","","","","","","","","","","","","","","","","","","","","","","","","","","","","","","","","","","","","","","","","","","","","","","","",
"Turkmenistan","TKM","Prevalence of undernourishment (% of population)","SN.ITK.DEFC.ZS","","","","","","","","","","","","","","","","","","","","","","","","","","","","","","","","","","","","","","","","","8.2","7.6","6.9","6","5.3","4.8","4.6","4.4","4.5","4.6","4.8","4.9","4.9","4.8","4.7","4.9","5.1","5.4","","",
"Latin America & the Caribbean (IDA & IBRD countries)","TLA","Prevalence of undernourishment (% of population)","SN.ITK.DEFC.ZS","","","","","","","","","","","","","","","","","","","","","","","","","","","","","","","","","","","","","","","","","12.1432308457964","11.5407109139079","10.9888713194448","10.4681748105664","9.89028506255099","9.15999334200586","8.45503277771777","7.81196356031838","7.40249678674321","7.17515607937969","6.98740059731766","6.80215018197825","6.64191379252154","6.49094828522068","6.42868079721849","6.44525736448351","6.5206157444791","6.60243721010512","","",
"Timor-Leste","TLS","Prevalence of undernourishment (% of population)","SN.ITK.DEFC.ZS","","","","","","","","","","","","","","","","","","","","","","","","","","","","","","","","","","","","","","","","","40.4","35.6","31.8","30.5","30.6","31.3","31.5","31.5","31","30.5","29.2","27.9","26.7","26.5","26.3","26.1","25.4","24.9","","",
"Middle East & North Africa (IDA & IBRD countries)","TMN","Prevalence of undernourishment (% of population)","SN.ITK.DEFC.ZS","","","","","","","","","","","","","","","","","","","","","","","","","","","","","","","","","","","","","","","","","10.0129239175077","9.9372227453582","9.9623285672828","10.0065986234465","10.0558542671109","10.0945911442236","10.0673882956029","9.94165637054185","9.76304023168957","9.42874049587411","9.13556387149768","8.95819555167457","8.93353932054818","9.08821823382537","9.36646345554931","9.68869504460075","9.99608249454248","10.1730697965876","","",
"Tonga","TON","Prevalence of undernourishment (% of population)","SN.ITK.DEFC.ZS","","","","","","","","","","","","","","","","","","","","","","","","","","","","","","","","","","","","","","","","","","","","","","","","","","","","","","","","","","","","",
"South Asia (IDA & IBRD)","TSA","Prevalence of undernourishment (% of population)","SN.ITK.DEFC.ZS","","","","","","","","","","","","","","","","","","","","","","","","","","","","","","","","","","","","","","","","","19.458075417719","20.3256400643692","21.5571686295365","22.29235800442","22.524723401975","21.83171061961","20.5042980326496","19.2163902339263","18.2758036885192","17.9125131918645","17.7531270666704","17.7400656088888","17.587373093534","17.2901778425379","16.8433084256003","16.2120039247661","15.7162483767331","15.3441571439123","","",
"Sub-Saharan Africa (IDA & IBRD countries)","TSS","Prevalence of undernourishment (% of population)","SN.ITK.DEFC.ZS","","","","","","","","","","","","","","","","","","","","","","","","","","","","","","","","","","","","","","","","","27.5968811550074","26.8797085434108","26.350811918498","25.5045697503138","24.5010515466831","23.4477177988615","22.7300986536762","22.2024507502581","21.7113635398223","21.1362226404031","20.5949294902112","20.1516538065871","20.0026430553003","19.8099451166303","19.7377819016149","20.0779183703255","20.7102365460195","21.3504029980237","","",
"Trinidad and Tobago","TTO","Prevalence of undernourishment (% of population)","SN.ITK.DEFC.ZS","","","","","","","","","","","","","","","","","","","","","","","","","","","","","","","","","","","","","","","","","11.6","11.2","11.3","11.8","12","11.8","11.3","10.7","10.4","10.1","9.6","8.6","7.5","6.8","6.4","6.3","5.8","5.5","","",
"Tunisia","TUN","Prevalence of undernourishment (% of population)","SN.ITK.DEFC.ZS","","","","","","","","","","","","","","","","","","","","","","","","","","","","","","","","","","","","","","","","","4.9","5.2","5.6","5.6","5.6","5.6","5.5","5.4","5.2","5","4.8","4.6","4.5","4.5","4.4","4.4","4.3","4.3","","",
"Turkey","TUR","Prevalence of undernourishment (% of population)","SN.ITK.DEFC.ZS","","","","","","","","","","","","","","","","","","","","","","","","","","","","","","","","","","","","","","","","","2.5","2.5","2.5","2.5","2.5","2.5","2.5","2.5","2.5","2.5","2.5","2.5","2.5","2.5","2.5","2.5","2.5","2.5","","",
"Tuvalu","TUV","Prevalence of undernourishment (% of population)","SN.ITK.DEFC.ZS","","","","","","","","","","","","","","","","","","","","","","","","","","","","","","","","","","","","","","","","","","","","","","","","","","","","","","","","","","","","",
"Tanzania","TZA","Prevalence of undernourishment (% of population)","SN.ITK.DEFC.ZS","","","","","","","","","","","","","","","","","","","","","","","","","","","","","","","","","","","","","","","","","36.5","36.9","36.8","36.8","35.7","34.4","33.4","33.2","34.1","34.5","34.6","33.6","32.9","32.4","31.9","31.5","30.9","30.7","","",
"Uganda","UGA","Prevalence of undernourishment (% of population)","SN.ITK.DEFC.ZS","","","","","","","","","","","","","","","","","","","","","","","","","","","","","","","","","","","","","","","","","27.7","27.4","26.4","24.9","23.7","24.1","25.8","28.1","29.6","30.4","30.9","31.6","32.3","33.4","35.1","37.5","39.7","41","","",
"Ukraine","UKR","Prevalence of undernourishment (% of population)","SN.ITK.DEFC.ZS","","","","","","","","","","","","","","","","","","","","","","","","","","","","","","","","","","","","","","","","","4.5","3.6","2.8","2.5","2.5","2.5","2.5","2.5","2.5","2.5","2.5","2.5","2.5","2.5","2.5","3","3.3","3.5","","",
"Upper middle income","UMC","Prevalence of undernourishment (% of population)","SN.ITK.DEFC.ZS","","","","","","","","","","","","","","","","","","","","","","","","","","","","","","","","","","","","","","","","","13.1254018590292","12.8704561254151","12.6089289529445","12.3437046196197","12.0614372979549","11.6811566956142","11.2034182138174","10.7168346655615","10.1653518037973","9.58263589473345","9.11249986994354","8.6064105439764","8.2316758160161","7.82178018522802","7.49924270926063","7.31628977164553","7.24419793063523","7.21483773082868","","",
"Uruguay","URY","Prevalence of undernourishment (% of population)","SN.ITK.DEFC.ZS","","","","","","","","","","","","","","","","","","","","","","","","","","","","","","","","","","","","","","","","","4.2","4.1","4.1","4.2","4.3","4.3","4","3.5","3","2.7","2.5","2.5","2.5","2.5","2.5","2.5","2.5","2.5","","",
"United States","USA","Prevalence of undernourishment (% of population)","SN.ITK.DEFC.ZS","","","","","","","","","","","","","","","","","","","","","","","","","","","","","","","","","","","","","","","","","2.5","2.5","2.5","2.5","2.5","2.5","2.5","2.5","2.5","2.5","2.5","2.5","2.5","2.5","2.5","2.5","2.5","2.5","","",
"Uzbekistan","UZB","Prevalence of undernourishment (% of population)","SN.ITK.DEFC.ZS","","","","","","","","","","","","","","","","","","","","","","","","","","","","","","","","","","","","","","","","","16.2","18.8","19.8","18.9","16.9","14.5","12.4","11.1","10.3","9.7","9","8.1","7.4","6.9","6.6","6.4","6.3","6.3","","",
"St. Vincent and the Grenadines","VCT","Prevalence of undernourishment (% of population)","SN.ITK.DEFC.ZS","","","","","","","","","","","","","","","","","","","","","","","","","","","","","","","","","","","","","","","","","16.7","14.8","12.7","11.1","9.8","9.1","8.4","7.8","7.4","7","6.7","6.4","6","5.7","5.5","5.7","5.8","5.7","","",
"Venezuela, RB","VEN","Prevalence of undernourishment (% of population)","SN.ITK.DEFC.ZS","","","","","","","","","","","","","","","","","","","","","","","","","","","","","","","","","","","","","","","","","16.4","16.3","16.8","15.2","13.1","10.5","8.4","6","4","3.1","3.1","3.7","4.8","6.4","9.5","13.7","18","21.2","","",
"British Virgin Islands","VGB","Prevalence of undernourishment (% of population)","SN.ITK.DEFC.ZS","","","","","","","","","","","","","","","","","","","","","","","","","","","","","","","","","","","","","","","","","","","","","","","","","","","","","","","","","","","","",
"Virgin Islands (U.S.)","VIR","Prevalence of undernourishment (% of population)","SN.ITK.DEFC.ZS","","","","","","","","","","","","","","","","","","","","","","","","","","","","","","","","","","","","","","","","","","","","","","","","","","","","","","","","","","","","",
"Vietnam","VNM","Prevalence of undernourishment (% of population)","SN.ITK.DEFC.ZS","","","","","","","","","","","","","","","","","","","","","","","","","","","","","","","","","","","","","","","","","24.3","22.5","20.7","19.3","18.5","18.2","17.6","16.7","15.5","14.5","13.6","12.9","12.2","11.4","10.5","9.8","9.4","9.3","","",
"Vanuatu","VUT","Prevalence of undernourishment (% of population)","SN.ITK.DEFC.ZS","","","","","","","","","","","","","","","","","","","","","","","","","","","","","","","","","","","","","","","","","8.2","8.1","8","7.7","7.4","7","6.6","6.1","5.8","5.8","5.9","6.1","6.3","6.5","6.7","6.9","7.1","7.2","","",
"World","WLD","Prevalence of undernourishment (% of population)","SN.ITK.DEFC.ZS","","","","","","","","","","","","","","","","","","","","","","","","","","","","","","","","","","","","","","","","","14.8","14.9","15.1","15.1","14.9","14.5","13.8","13.1","12.6","12.3","11.8","11.6","11.3","11.1","10.8","10.6","10.7","10.8","","",
"Samoa","WSM","Prevalence of undernourishment (% of population)","SN.ITK.DEFC.ZS","","","","","","","","","","","","","","","","","","","","","","","","","","","","","","","","","","","","","","","","","5.3","4.4","4.1","3.8","3.6","3.5","3.5","3.6","3.5","3.5","3.4","3.3","3.1","2.9","2.8","2.7","2.7","2.7","","",
"Kosovo","XKX","Prevalence of undernourishment (% of population)","SN.ITK.DEFC.ZS","","","","","","","","","","","","","","","","","","","","","","","","","","","","","","","","","","","","","","","","","","","","","","","","","","","","","","","","","","","","",
"Yemen, Rep.","YEM","Prevalence of undernourishment (% of population)","SN.ITK.DEFC.ZS","","","","","","","","","","","","","","","","","","","","","","","","","","","","","","","","","","","","","","","","","29.9","30.1","30.6","31","30.9","30.1","28.9","27.6","27","26.2","25.7","25.3","26.2","28.2","31.4","34.4","37.5","38.9","","",
"South Africa","ZAF","Prevalence of undernourishment (% of population)","SN.ITK.DEFC.ZS","","","","","","","","","","","","","","","","","","","","","","","","","","","","","","","","","","","","","","","","","5","4.7","4.6","4.4","4.3","4.4","4.5","4.6","4.6","4.5","4.4","4.4","4.5","4.8","5.2","5.7","6.1","6.2","","",
"Zambia","ZMB","Prevalence of undernourishment (% of population)","SN.ITK.DEFC.ZS","","","","","","","","","","","","","","","","","","","","","","","","","","","","","","","","","","","","","","","","","47.4","49","50","49.9","50.2","51.1","52.6","53.5","53","51.5","50","48.8","47.7","46.2","45","44.8","45.6","46.7","","",
"Zimbabwe","ZWE","Prevalence of undernourishment (% of population)","SN.ITK.DEFC.ZS","","","","","","","","","","","","","","","","","","","","","","","","","","","","","","","","","","","","","","","","","40.2","40.4","40.8","41.5","41.9","42.2","42.1","42.6","43","42.8","41.9","41.3","42","44.1","46.9","49.5","50.9","51.3","","",
